{"playerStartPosition":{"x":3.5,"y":1.309999942779541},"cameraSettings":{"cameraTrackTarget":"SoyBoy","trackingSpeed":2.5,"cameraZDepth":-10.0,"minX":-100.0,"minY":-100.0,"maxX":100.0,"maxY":100.0},"levelItems":[{"rotation":{"x":0.0,"y":0.0,"z":0.0},"scale":{"x":1.0,"y":1.0,"z":1.0},"position":{"x":-3.5399999618530275,"y":-4.070000171661377},"prefabName":"single-block","spriteOrder":0,"spriteLayer":"Foreground","spriteColor":{"r":0.3490196168422699,"g":0.2666666805744171,"b":0.23529411852359773,"a":1.0}},{"rotation":{"x":0.0,"y":0.0,"z":0.0},"scale":{"x":1.0,"y":1.0,"z":1.0},"position":{"x":-2.5399999618530275,"y":-4.070000171661377},"prefabName":"single-block","spriteOrder":0,"spriteLayer":"Foreground","spriteColor":{"r":0.3490196168422699,"g":0.2666666805744171,"b":0.23529411852359773,"a":1.0}},{"rotation":{"x":0.0,"y":0.0,"z":0.0},"scale":{"x":1.0,"y":1.0,"z":1.0},"position":{"x":-1.5399999618530274,"y":-4.070000171661377},"prefabName":"single-block","spriteOrder":0,"spriteLayer":"Foreground","spriteColor":{"r":0.3490196168422699,"g":0.2666666805744171,"b":0.23529411852359773,"a":1.0}},{"rotation":{"x":0.0,"y":0.0,"z":0.0},"scale":{"x":1.0,"y":1.0,"z":1.0},"position":{"x":-0.5400000214576721,"y":-4.070000171661377},"prefabName":"single-block","spriteOrder":0,"spriteLayer":"Foreground","spriteColor":{"r":0.3490196168422699,"g":0.2666666805744171,"b":0.23529411852359773,"a":1.0}},{"rotation":{"x":0.0,"y":0.0,"z":0.0},"scale":{"x":1.0,"y":1.0,"z":1.0},"position":{"x":0.46000000834465029,"y":-4.070000171661377},"prefabName":"single-block","spriteOrder":0,"spriteLayer":"Foreground","spriteColor":{"r":0.3490196168422699,"g":0.2666666805744171,"b":0.23529411852359773,"a":1.0}},{"rotation":{"x":0.0,"y":0.0,"z":0.0},"scale":{"x":1.0,"y":1.0,"z":1.0},"position":{"x":1.4600000381469727,"y":-4.070000171661377},"prefabName":"single-block","spriteOrder":0,"spriteLayer":"Foreground","spriteColor":{"r":0.3490196168422699,"g":0.2666666805744171,"b":0.23529411852359773,"a":1.0}},{"rotation":{"x":0.0,"y":0.0,"z":0.0},"scale":{"x":1.0,"y":1.0,"z":1.0},"position":{"x":2.4600000381469728,"y":-4.070000171661377},"prefabName":"single-block","spriteOrder":0,"spriteLayer":"Foreground","spriteColor":{"r":0.3490196168422699,"g":0.2666666805744171,"b":0.23529411852359773,"a":1.0}},{"rotation":{"x":0.0,"y":0.0,"z":0.0},"scale":{"x":1.0,"y":1.0,"z":1.0},"position":{"x":3.4600000381469728,"y":-4.070000171661377},"prefabName":"single-block","spriteOrder":0,"spriteLayer":"Foreground","spriteColor":{"r":0.3490196168422699,"g":0.2666666805744171,"b":0.23529411852359773,"a":1.0}},{"rotation":{"x":0.0,"y":0.0,"z":0.0},"scale":{"x":1.0,"y":1.0,"z":1.0},"position":{"x":4.460000038146973,"y":-4.070000171661377},"prefabName":"single-block","spriteOrder":0,"spriteLayer":"Foreground","spriteColor":{"r":0.3490196168422699,"g":0.2666666805744171,"b":0.23529411852359773,"a":1.0}},{"rotation":{"x":0.0,"y":0.0,"z":0.0},"scale":{"x":1.0,"y":1.0,"z":1.0},"position":{"x":5.460000038146973,"y":-4.070000171661377},"prefabName":"single-block","spriteOrder":0,"spriteLayer":"Foreground","spriteColor":{"r":0.3490196168422699,"g":0.2666666805744171,"b":0.23529411852359773,"a":1.0}},{"rotation":{"x":0.0,"y":0.0,"z":0.0},"scale":{"x":1.0,"y":1.0,"z":1.0},"position":{"x":5.460000038146973,"y":-3.069999933242798},"prefabName":"single-block","spriteOrder":0,"spriteLayer":"Foreground","spriteColor":{"r":0.3490196168422699,"g":0.2666666805744171,"b":0.23529411852359773,"a":1.0}},{"rotation":{"x":0.0,"y":0.0,"z":0.0},"scale":{"x":1.0,"y":1.0,"z":1.0},"position":{"x":5.460000038146973,"y":-2.069999933242798},"prefabName":"single-block","spriteOrder":0,"spriteLayer":"Foreground","spriteColor":{"r":0.3490196168422699,"g":0.2666666805744171,"b":0.23529411852359773,"a":1.0}},{"rotation":{"x":0.0,"y":0.0,"z":0.0},"scale":{"x":1.0,"y":1.0,"z":1.0},"position":{"x":5.460000038146973,"y":-1.0700000524520875},"prefabName":"single-block","spriteOrder":0,"spriteLayer":"Foreground","spriteColor":{"r":0.3490196168422699,"g":0.2666666805744171,"b":0.23529411852359773,"a":1.0}},{"rotation":{"x":0.0,"y":0.0,"z":0.0},"scale":{"x":1.0,"y":1.0,"z":1.0},"position":{"x":1.9628418684005738,"y":-0.3799999952316284},"prefabName":"single-block","spriteOrder":0,"spriteLayer":"Foreground","spriteColor":{"r":0.3490196168422699,"g":0.2666666805744171,"b":0.23529411852359773,"a":1.0}},{"rotation":{"x":0.0,"y":0.0,"z":0.0},"scale":{"x":1.0,"y":1.0,"z":1.0},"position":{"x":1.9628418684005738,"y":0.6200000047683716},"prefabName":"single-block","spriteOrder":0,"spriteLayer":"Foreground","spriteColor":{"r":0.3490196168422699,"g":0.2666666805744171,"b":0.23529411852359773,"a":1.0}},{"rotation":{"x":0.0,"y":0.0,"z":0.0},"scale":{"x":1.0,"y":1.0,"z":1.0},"position":{"x":5.460000038146973,"y":-0.07000000029802323},"prefabName":"single-block","spriteOrder":0,"spriteLayer":"Foreground","spriteColor":{"r":0.3490196168422699,"g":0.2666666805744171,"b":0.23529411852359773,"a":1.0}},{"rotation":{"x":0.0,"y":0.0,"z":0.0},"scale":{"x":1.0,"y":1.0,"z":1.0},"position":{"x":1.9628418684005738,"y":1.619999885559082},"prefabName":"single-block","spriteOrder":0,"spriteLayer":"Foreground","spriteColor":{"r":0.3490196168422699,"g":0.2666666805744171,"b":0.23529411852359773,"a":1.0}},{"rotation":{"x":0.0,"y":0.0,"z":0.0},"scale":{"x":1.0,"y":1.0,"z":1.0},"position":{"x":5.460000038146973,"y":0.9300000071525574},"prefabName":"single-block","spriteOrder":0,"spriteLayer":"Foreground","spriteColor":{"r":0.3490196168422699,"g":0.2666666805744171,"b":0.23529411852359773,"a":1.0}},{"rotation":{"x":0.0,"y":0.0,"z":0.0},"scale":{"x":1.0,"y":1.0,"z":1.0},"position":{"x":5.460000038146973,"y":1.9299999475479127},"prefabName":"single-block","spriteOrder":0,"spriteLayer":"Foreground","spriteColor":{"r":0.3490196168422699,"g":0.2666666805744171,"b":0.23529411852359773,"a":1.0}},{"rotation":{"x":0.0,"y":0.0,"z":0.0},"scale":{"x":1.0,"y":1.0,"z":1.0},"position":{"x":5.460000038146973,"y":2.930000066757202},"prefabName":"single-block","spriteOrder":0,"spriteLayer":"Foreground","spriteColor":{"r":0.3490196168422699,"g":0.2666666805744171,"b":0.23529411852359773,"a":1.0}},{"rotation":{"x":0.0,"y":0.0,"z":0.0},"scale":{"x":1.0,"y":1.0,"z":1.0},"position":{"x":0.9600000381469727,"y":1.619999885559082},"prefabName":"single-block","spriteOrder":0,"spriteLayer":"Foreground","spriteColor":{"r":0.3490196168422699,"g":0.2666666805744171,"b":0.23529411852359773,"a":1.0}},{"rotation":{"x":0.0,"y":0.0,"z":0.0},"scale":{"x":1.0,"y":1.0,"z":1.0},"position":{"x":-0.039999961853027347,"y":1.619999885559082},"prefabName":"single-block","spriteOrder":0,"spriteLayer":"Foreground","spriteColor":{"r":0.3490196168422699,"g":0.2666666805744171,"b":0.23529411852359773,"a":1.0}},{"rotation":{"x":0.0,"y":0.0,"z":0.0},"scale":{"x":1.0,"y":1.0,"z":1.0},"position":{"x":-1.0399999618530274,"y":1.619999885559082},"prefabName":"single-block","spriteOrder":0,"spriteLayer":"Foreground","spriteColor":{"r":0.3490196168422699,"g":0.2666666805744171,"b":0.23529411852359773,"a":1.0}},{"rotation":{"x":0.0,"y":0.0,"z":0.0},"scale":{"x":1.0,"y":1.0,"z":1.0},"position":{"x":-1.7403361797332764,"y":-2.975769519805908},"prefabName":"goal","spriteOrder":1,"spriteLayer":"Foreground","spriteColor":{"r":1.0,"g":1.0,"b":1.0,"a":1.0}}]}